{"s":{"weapon_selected_thickness":3,"back_weapon":false,"pos_weapon_id":1,"pos_weapon_y":0,"bar_thickness":2,"pos_bars_y":38,"pos_offsetY":25,"bars_display_icons":true,"pos_offsetX":25,"pos_weapon_x":634,"pos":1,"pos_bars_x":640,"bars_display_value":true,"posedit":false,"enabled":true,"bars_outline":2,"back_bars":false},"cols":{"wanted":[1,0.80000001192093,0.059999998658895,1],"bar_outline":[0,0,0,0.30000001192093],"weapon_selected":[1,0.99998998641968,0.99999302625656,0],"money":[0.99999260902405,1,0.99998998641968,1],"bar_oxygen":[1,1,1,1],"back_weapon":[0,0,0,0.30000001192093],"bar_back":[1,0.99998998641968,0.99998998641968,0.59574466943741],"bar_armour":[0.5,0,1,1],"weapon_text":[1,1,1,1],"bar_text":[1,1,1,1],"bar_hp":[0.083005897700787,0.44949597120285,0.81276595592499,1],"back_bars":[0,0,0,0.30000001192093],"weapon_back":[0,0,0,0],"bar_stamina":[1,1,1,1]}}